parental level of education,math score,reading score,writing score
associate's degree,67.88288288288288,70.92792792792793,69.8963963963964
bachelor's degree,69.38983050847457,73.0,73.38135593220339
high school,62.13775510204081,64.70408163265306,62.44897959183673
master's degree,69.7457627118644,75.37288135593221,75.67796610169492
some college,67.1283185840708,69.46017699115045,68.84070796460178
some high school,63.497206703910614,66.93854748603351,64.88826815642459
